01-Jun-2006,.7,.7,.7,.7,-999
02-Jun-2006,.7,.7,.7,.7,-999
03-Jun-2006,.7,.7,.7,.7,-999
04-Jun-2006,.7,.7,.7,.7,-999
05-Jun-2006,.7,.7,.7,.7,7.75
06-Jun-2006,.7,.7,.7,.7,-999
07-Jun-2006,.7,.7,.7,.7,-999
08-Jun-2006,.7,.7,.7,.7,-999
09-Jun-2006,.7,.7,.7,.7,-999
10-Jun-2006,.7,.7,.7,.7,-999
11-Jun-2006,.75,.75,.75,.72,8.918
12-Jun-2006,.7,.7,.7,.7,-999
13-Jun-2006,.7,.7,.7,.7,-999
14-Jun-2006,.7,.7,.7,.7,-999
15-Jun-2006,.7,.7,.7,.7,-999
16-Jun-2006,.69,.69,.69,.69,-999
17-Jun-2006,.7,.7,.7,.7,-999
18-Jun-2006,.7,.7,.7,.7,6.699
19-Jun-2006,.7,.7,.7,.7,-999
20-Jun-2006,.7,.7,.7,.7,-999
21-Jun-2006,.7,.7,.7,.7,-999
22-Jun-2006,.7,.7,.7,.7,-999
23-Jun-2006,.7,.7,.7,.7,7.292
24-Jun-2006,.7,.7,.7,.7,-999
25-Jun-2006,.7,.7,.7,.7,-999
26-Jun-2006,.7,.7,.7,.7,-999
27-Jun-2006,.7,.7,.7,.7,-999
28-Jun-2006,.7,.7,.7,.7,-999
29-Jun-2006,.7,.7,.7,.7,-999
30-Jun-2006,.7,.7,.7,.7,-999
01-Jul-2006,.7,.7,.7,.7,-999
02-Jul-2006,.7,.7,.7,.7,-999
03-Jul-2006,.7,.7,.7,.7,-999
04-Jul-2006,.7,.7,.7,.7,-999
05-Jul-2006,.7,.7,.7,.7,-999
06-Jul-2006,.7,.7,.7,.7,7.292
07-Jul-2006,.7,.7,.7,.7,-999
08-Jul-2006,.7,.7,.7,.7,-999
09-Jul-2006,.7,.7,.7,.7,-999
10-Jul-2006,.69,.69,.69,.69,-999
11-Jul-2006,.69,.69,.69,.69,7.194
12-Jul-2006,.69,.69,.69,.69,-999
13-Jul-2006,.69,.69,.69,.69,-999
14-Jul-2006,.69,.69,.69,.69,-999
15-Jul-2006,.69,.69,.69,.69,-999
16-Jul-2006,.69,.69,.69,.69,-999
17-Jul-2006,.68,.68,.68,.68,6.91
18-Jul-2006,.68,.68,.68,.68,-999
19-Jul-2006,.68,.68,.68,.68,-999
20-Jul-2006,.68,.68,.68,.68,-999
21-Jul-2006,.68,.68,.68,.68,-999
22-Jul-2006,.68,.68,.68,.68,-999
23-Jul-2006,.68,.68,.68,.68,-999
24-Jul-2006,.68,.68,.68,.68,6.646
25-Jul-2006,.68,.68,.68,.68,-999
26-Jul-2006,.68,.68,.68,.68,-999
27-Jul-2006,.68,.68,.68,.68,-999
28-Jul-2006,.68,.68,.68,.68,-999
29-Jul-2006,.68,.68,.68,.68,-999
30-Jul-2006,.68,.68,.68,.68,-999
31-Jul-2006,.68,.68,.68,.68,-999
01-Sep-2006,.58,.58,.58,.58,
02-Sep-2006,.58,.58,.58,.58,
03-Sep-2006,.58,.58,.58,.58,
04-Sep-2006,.58,.58,.58,.58,
05-Sep-2006,.58,.58,.58,.58,
06-Sep-2006,.58,.58,.58,.58,
07-Sep-2006,.59,.59,.59,.58,
08-Sep-2006,.58,.58,.58,.58,
09-Sep-2006,.58,.58,.58,.58,
10-Sep-2006,.62,.62,.62,.61,
11-Sep-2006,.6,.59,.59,.59,
12-Sep-2006,.58,.58,.58,.58,
13-Sep-2006,.58,.58,.58,.58,
14-Sep-2006,.58,.58,.58,.58,
15-Sep-2006,.58,.58,.58,.58,
16-Sep-2006,.58,.58,.58,.58,
17-Sep-2006,.64,.64,.64,.64,
18-Sep-2006,.61,.61,.61,.61,
19-Sep-2006,.58,.58,.58,.58,
20-Sep-2006,.58,.58,.58,.58,
21-Sep-2006,.58,.58,.58,.58,
22-Sep-2006,.58,.58,.58,.58,
23-Sep-2006,.58,.58,.58,.58,
24-Sep-2006,.58,.58,.58,.58,
25-Sep-2006,.69,.7,.71,.71,
26-Sep-2006,.7,.69,.6,.6,
27-Sep-2006,.58,.58,.58,.58,
28-Sep-2006,.58,.58,.58,.58,
29-Sep-2006,.63,.63,.63,.63,
30-Sep-2006,.59,.58,.58,.58,
01-Oct-2006,.61,.61,.61,.61,
02-Oct-2006,.62,.62,.62,.62,
03-Oct-2006,.65,.65,.65,.65,
04-Oct-2006,.68,.68,.68,.68,
05-Oct-2006,.69,.69,.69,.69,
06-Oct-2006,.7,.7,.7,.7,
07-Oct-2006,.78,.78,.78,.78,
08-Oct-2006,.9,.9,.9,.9,
09-Oct-2006,.87,.86,.85,.8,
10-Oct-2006,.6,.6,.6,.62,
11-Oct-2006,.63,.63,.62,.62,
12-Oct-2006,.7,.7,.7,.7,
13-Oct-2006,.7,.7,.7,.7,
14-Oct-2006,.74,.74,.74,.74,
15-Oct-2006,.78,.78,.78,.78,
16-Oct-2006,.78,.78,.78,.78,
17-Oct-2006,.78,.78,.78,.78,
18-Oct-2006,.85,.85,.85,.86,
19-Oct-2006,.85,.85,.85,.85,
20-Oct-2006,.83,.83,.83,.83,
21-Oct-2006,.81,.81,.81,.81,
22-Oct-2006,.8,.8,.8,.8,
23-Oct-2006,.8,.8,.8,.8,
24-Oct-2006,.8,.8,.8,.8,
25-Oct-2006,.84,.84,.84,.84,
26-Oct-2006,.8,.8,.8,.8,
27-Oct-2006,.8,.8,.8,.8,
28-Oct-2006,.8,.8,.8,.8,
29-Oct-2006,.8,.8,.8,.8,
30-Oct-2006,.8,.8,.8,.8,
31-Oct-2006,.8,.8,.8,.8,
01-Nov-2006,.8,.8,.8,.8,
02-Nov-2006,.8,.8,.8,.8,
03-Nov-2006,.8,.8,.8,.8,
04-Nov-2006,.8,.8,.8,.8,
05-Nov-2006,.8,.8,.8,.8,
06-Nov-2006,.8,.8,.8,.8,
07-Nov-2006,.8,.8,.8,.8,
08-Nov-2006,.8,.8,.8,.8,
09-Nov-2006,.83,.83,.83,.83,
10-Nov-2006,.82,.82,.82,.82,
11-Nov-2006,.81,.81,.81,.8,
12-Nov-2006,.8,.8,.8,.8,
13-Nov-2006,.8,.8,.8,.79,
14-Nov-2006,.79,.79,.79,.79,
15-Nov-2006,.79,.79,.79,.79,
16-Nov-2006,.79,.79,.79,.79,
17-Nov-2006,.79,.79,.79,.79,
18-Nov-2006,.79,.79,.79,.79,
19-Nov-2006,.78,.78,.78,.78,
20-Nov-2006,.78,.78,.79,.79,
21-Nov-2006,.79,.79,.79,.79,
22-Nov-2006,.8,.8,.8,.8,
23-Nov-2006,.81,.81,.81,.81,
24-Nov-2006,.8,.8,.8,.8,
25-Nov-2006,.8,.8,.8,.8,
26-Nov-2006,.8,.8,.8,.8,
27-Nov-2006,.8,.8,.8,.8,
28-Nov-2006,.79,.79,.79,.79,
29-Nov-2006,.79,.79,.79,.79,
30-Nov-2006,.79,.79,.79,.79,
01-Dic-2006,.83,.83,.83,.83,
02-Dic-2006,.9,.9,.9,.92,
03-Dic-2006,.91,.91,.92,.93,
04-Dic-2006,.93,.93,.93,.93,
05-Dic-2006,.93,.93,.95,.95,
06-Dic-2006,.95,.95,.96,.97,
07-Dic-2006,.96,.96,.96,.97,
08-Dic-2006,.98,.98,.98,.99,
09-Dic-2006,.99,.99,1.01,1.01,
10-Dic-2006,1.02,1.05,1.05,1.07,
11-Dic-2006,1.05,1.05,1.05,1.06,
12-Dic-2006,1.05,1.04,1.04,1.04,
13-Dic-2006,1.03,1.03,1.03,1.03,
14-Dic-2006,1.01,1.01,1.01,1.01,
15-Dic-2006,1,1,1,1,
16-Dic-2006,1,1,1,1,
17-Dic-2006,1,1.03,1.05,1.05,
18-Dic-2006,1.05,1.05,1.06,1.07,
19-Dic-2006,1.09,1.09,1.09,1.09,
20-Dic-2006,1.13,1.13,1.13,1.15,
21-Dic-2006,1.17,1.17,1.19,1.19,
22-Dic-2006,1.22,1.22,1.25,1.27,
23-Dic-2006,1.3,1.3,1.33,1.38,
24-Dic-2006,1.4,1.43,1.5,1.57,
25-Dic-2006,1.13,1.13,1.13,1.12,
26-Dic-2006,1.01,1,.99,.99,
27-Dic-2006,1.08,1.09,1.1,1.1,
28-Dic-2006,1.15,1.17,1.2,1.22,
29-Dic-2006,1.1,1.13,1.12,1.12,
30-Dic-2006,1,1,.99,.99,
31-Dic-2006,.99,.99,.99,.99,
01-Ene-2007,.98,.98,.98,.98,
02-Ene-2007,.98,.98,.99,.99,
03-Ene-2007,.99,.99,1.07,1.09,
04-Ene-2007,1.15,1.2,1.23,1.28,
05-Ene-2007,1.07,1.07,1.05,1.03,
06-Ene-2007,1,1,1.03,1.03,
07-Ene-2007,1.13,1.13,1.13,1.14,
08-Ene-2007,1.1,1.09,1.05,1.05,
09-Ene-2007,1.05,1.05,1.05,1.05,
10-Ene-2007,1.03,1.03,1.03,1.05,
11-Ene-2007,1.07,1.07,1.06,1.06,
12-Ene-2007,1.09,1.12,1.18,1.18,
13-Ene-2007,1.05,1.05,1.09,1.1,
14-Ene-2007,1.09,1.09,1.09,1.09,
15-Ene-2007,1.06,1.06,1.06,1.06,
16-Ene-2007,1.02,1.02,1.03,1.03,
17-Ene-2007,1.05,1.05,1.08,1.08,
18-Ene-2007,1.2,1.25,1.33,1.33,
19-Ene-2007,1.1,1.1,1.08,1.08,
20-Ene-2007,1.15,1.15,1.15,1.15,
21-Ene-2007,1.2,1.2,1.22,1.22,
22-Ene-2007,1.08,1.08,1.08,1.08,
23-Ene-2007,1.2,1.2,1.23,1.23,
24-Ene-2007,1.19,1.19,1.18,1.18,
25-Ene-2007,1.21,1.21,1.19,1.17,
26-Ene-2007,1.08,1.08,1.09,1.09,
27-Ene-2007,1.14,1.14,1.13,1.12,
28-Ene-2007,1.25,1.22,1.2,1.19,
29-Ene-2007,1.09,1.04,1.09,1.08,
30-Ene-2007,1.12,1.15,1.2,1.23,
31-Ene-2007,1.13,1.13,1.13,1.13,
01-Feb-2007,1,1,1,1.03,
02-Feb-2007,1.05,1.05,1.05,1.05,
03-Feb-2007,1.2,1.17,1.16,1.13,
04-Feb-2007,1.1,1.1,1.08,1.05,
05-Feb-2007,1.04,1.04,1.04,1.05,
06-Feb-2007,1.09,1.09,1.08,1.07,
07-Feb-2007,1.15,1.15,1.19,1.2,
08-Feb-2007,1.2,1.23,1.23,1.26,
09-Feb-2007,1.13,1.13,1.1,1.09,
10-Feb-2007,1,.97,.97,.95,
11-Feb-2007,.99,1.01,1.06,1.1,
12-Feb-2007,1.03,1.07,1.1,1.13,
13-Feb-2007,1.1,1.13,1.14,1.14,
14-Feb-2007,1.17,1.2,1.26,1.29,
15-Feb-2007,1.26,1.28,1.31,1.33,
16-Feb-2007,1.17,1.14,1.12,1.09,
17-Feb-2007,1.07,1.05,1.03,1.03,
18-Feb-2007,1.12,1.12,1.1,1.1,
19-Feb-2007,1.16,1.16,1.13,1.13,
20-Feb-2007,1.19,1.22,1.25,1.26,
21-Feb-2007,1.16,1.18,1.18,1.21,
22-Feb-2007,1.07,1.09,1.1,1.13,
23-Feb-2007,1.05,1.05,1.03,1.03,
24-Feb-2007,.98,.99,1,1.03,
25-Feb-2007,1.09,1.07,1.04,1.02,
26-Feb-2007,1.17,1.15,1.13,1.12,
27-Feb-2007,1.12,1.1,1.09,1.08,
28-Feb-2007,1.3,1.39,1.4,1.42,
01-Mar-2007,1.02,1.02,1.02,1.04,
02-Mar-2007,1,1,1.01,1.01,
03-Mar-2007,1,1,1,1,
04-Mar-2007,.99,.99,1,1,
05-Mar-2007,1.05,1.05,1.06,1.06,
06-Mar-2007,1.1,1.12,1.13,1.15,
07-Mar-2007,1.13,1.14,1.15,1.15,
08-Mar-2007,1.18,1.18,1.2,1.2,
09-Mar-2007,1.22,1.22,1.22,1.22,
10-Mar-2007,1.3,1.33,1.33,1.37,
11-Mar-2007,1.3,1.3,1.3,1.32,
12-Mar-2007,1.33,1.33,1.34,1.34,
13-Mar-2007,1.33,1.33,1.36,1.36,
14-Mar-2007,1.3,1.28,1.26,1.24,
15-Mar-2007,1.12,1.12,1.1,1.1,
16-Mar-2007,1.07,1.07,1.05,1.05,
17-Mar-2007,1.09,1.09,1.09,1.09,
18-Mar-2007,1.09,1.08,1.08,1.07,
19-Mar-2007,1.12,1.12,1.13,1.13,
20-Mar-2007,1.17,1.17,1.18,1.19,
21-Mar-2007,1.2,1.2,1.22,1.25,
22-Mar-2007,1.2,1.2,1.2,1.2,
23-Mar-2007,1.17,1.17,1.17,1.17,
24-Mar-2007,1.17,1.17,1.16,1.15,
25-Mar-2007,1.2,1.22,1.22,1.22,
26-Mar-2007,1.17,1.17,1.18,1.19,
27-Mar-2007,1.12,1.12,1.1,1.1,
28-Mar-2007,1.07,1.07,1.05,1.05,
29-Mar-2007,1,1,1.02,1.04,
30-Mar-2007,1,1.04,1.09,1.04,
31-Mar-2007,1,1,1,1,
01-Abr-2007,.98,.98,.98,.98,
02-Abr-2007,1.01,1.01,1.06,1.06,
03-Abr-2007,.93,.93,.93,.93,
04-Abr-2007,.9,.91,.92,.94,
05-Abr-2007,.95,.94,.94,.94,
06-Abr-2007,.91,.91,.93,.93,
07-Abr-2007,.85,.85,.86,.86,
08-Abr-2007,1.03,1.03,1.02,1.01,
09-Abr-2007,1,1,1,.99,
10-Abr-2007,.95,.95,.93,.93,
11-Abr-2007,.87,.85,.83,.83,
12-Abr-2007,.9,.9,.9,.9,
13-Abr-2007,.92,.92,.92,.91,
14-Abr-2007,.94,.94,.93,.93,
15-Abr-2007,1.07,1.07,1.08,1.09,
16-Abr-2007,1.03,1.03,1.03,1.03,
17-Abr-2007,1.01,1.01,1.01,1.02,
18-Abr-2007,.99,.99,.98,.98,
19-Abr-2007,.99,.99,.98,.98,
20-Abr-2007,1.02,1.02,1.01,1.01,
21-Abr-2007,.99,.98,.98,.98,
22-Abr-2007,.95,.93,.93,.93,
23-Abr-2007,.84,.85,.85,.86,
24-Abr-2007,.85,.85,.84,.84,
25-Abr-2007,.85,.85,.85,.84,
26-Abr-2007,.83,.83,.83,.83,
27-Abr-2007,.9,.91,.91,.91,
28-Abr-2007,.91,.91,.9,.9,
29-Abr-2007,.84,.84,.84,.83,
30-Abr-2007,.85,.85,.85,.84,
01-May-2007,.83,.83,.83,.83,
02-May-2007,.83,.83,.84,.84,
03-May-2007,.84,.85,.85,.83,
04-May-2007,.83,.83,.83,.83,
05-May-2007,.82,.82,.82,.81,
06-May-2007,.8,.8,.8,.8,
07-May-2007,.83,.83,.83,.83,
08-May-2007,.83,.83,.82,.82,
09-May-2007,.8,.8,.8,.8,
10-May-2007,.79,.79,.79,.79,
11-May-2007,.79,.79,.79,.79,
12-May-2007,.8,.83,.83,.82,
13-May-2007,.79,.79,.79,.78,
14-May-2007,.78,.78,.78,.78,
15-May-2007,.77,.77,.76,.76,
16-May-2007,.75,.75,.75,.75,
17-May-2007,.74,.74,.74,.73,
18-May-2007,.83,.86,.88,.9,
19-May-2007,.79,.77,.76,.74,
20-May-2007,.75,.76,.78,.78,
21-May-2007,.74,.74,.74,.74,
22-May-2007,.73,.73,.72,.72,
23-May-2007,.9,.96,.98,.98,
24-May-2007,.78,.78,.78,.78,
25-May-2007,.73,.73,.72,.72,
26-May-2007,.72,.72,.72,.72,
27-May-2007,.72,.72,.73,.74,
28-May-2007,.9,.9,.93,.93,
29-May-2007,.96,.96,.97,.96,
30-May-2007,.7,.7,.7,.7,
31-May-2007,.7,.7,.7,.7,
01-Jun-2007,.68,.68,.68,.68,
02-Jun-2007,.68,.68,.68,.68,
03-Jun-2007,.68,.68,.68,.67,
04-Jun-2007,.67,.67,.67,.67,
05-Jun-2007,.67,.67,.67,.67,
06-Jun-2007,.66,.66,.66,.66,
07-Jun-2007,.66,.66,.66,.66,
08-Jun-2007,.66,.66,.66,.66,
09-Jun-2007,.66,.65,.65,.65,
10-Jun-2007,.65,.65,.65,.64,
11-Jun-2007,.64,.64,.64,.63,
12-Jun-2007,.63,.63,.63,.63,
13-Jun-2007,.63,.63,.63,.63,
14-Jun-2007,.63,.62,.62,.62,
15-Jun-2007,.7,.7,.69,.69,
16-Jun-2007,.68,.68,.68,.68,
17-Jun-2007,.6,.6,.6,.6,
18-Jun-2007,.6,.6,.6,.6,
19-Jun-2007,.6,.6,.6,.6,
20-Jun-2007,.6,.6,.6,.6,
21-Jun-2007,.6,.6,.6,.6,
22-Jun-2007,.6,.6,.6,.6,
23-Jun-2007,.78,.78,.77,.76,
24-Jun-2007,.67,.67,.66,.64,
25-Jun-2007,.62,.62,.61,.6,
26-Jun-2007,.6,.6,.6,.6,
27-Jun-2007,.6,.59,.59,.59,
28-Jun-2007,.59,.59,.59,.59,
29-Jun-2007,.59,.59,.59,.59,
30-Jun-2007,.59,.59,.59,.59,
01-Jul-2007,.59,.59,.59,.59,
02-Jul-2007,.59,.59,.59,.59,
03-Jul-2007,.6,.6,.61,.61,
04-Jul-2007,.59,.59,.59,.59,
05-Jul-2007,.59,.59,.59,.59,
06-Jul-2007,.59,.59,.59,.59,
07-Jul-2007,.59,.59,.59,.6,
08-Jul-2007,.62,.64,.64,.64,
09-Jul-2007,.6,.6,.6,.6,
10-Jul-2007,.59,.59,.59,.59,
11-Jul-2007,.59,.59,.58,.58,
12-Jul-2007,.58,.58,.58,.58,
13-Jul-2007,.66,.64,.6,.59,
14-Jul-2007,.59,.58,.58,.58,
15-Jul-2007,.58,.58,.58,.58,
16-Jul-2007,.58,.58,.58,.58,
17-Jul-2007,.58,.58,.58,.58,
18-Jul-2007,.58,.58,.58,.58,
19-Jul-2007,.58,.58,.58,.58,
20-Jul-2007,.58,.58,.58,.58,
21-Jul-2007,.58,.58,.57,.57,
22-Jul-2007,.57,.57,.57,.57,
23-Jul-2007,.57,.57,.57,.57,
24-Jul-2007,.57,.57,.57,.57,
25-Jul-2007,.57,.57,.57,.57,
26-Jul-2007,.56,.56,.56,.56,
27-Jul-2007,.56,.56,.56,.56,
28-Jul-2007,.55,.55,.55,.55,
29-Jul-2007,.55,.55,.55,.55,
30-Jul-2007,.55,.55,.55,.55,
31-Jul-2007,.55,.55,.55,.55,
01-Ago-2007,.55,.55,.55,.55,
02-Ago-2007,.55,.55,.55,.55,
03-Ago-2007,.55,.55,.55,.55,
04-Ago-2007,.55,.55,.55,.55,
05-Ago-2007,.57,.57,.57,.56,
06-Ago-2007,.55,.55,.55,.55,
07-Ago-2007,.55,.55,.55,.56,
08-Ago-2007,.57,.57,.57,.56,
09-Ago-2007,.55,.55,.55,.55,
10-Ago-2007,.55,.54,.54,.54,
11-Ago-2007,.54,.54,.54,.54,
12-Ago-2007,.54,.54,.54,.54,
13-Ago-2007,.56,.56,.55,.55,
14-Ago-2007,.54,.54,.54,.54,
15-Ago-2007,.54,.54,.54,.54,
16-Ago-2007,.54,.54,.54,.53,
17-Ago-2007,.53,.53,.53,.53,
18-Ago-2007,.53,.53,.53,.53,
19-Ago-2007,.53,.53,.53,.53,
20-Ago-2007,.62,.62,.61,.6,
21-Ago-2007,.53,.53,.53,.53,
22-Ago-2007,.53,.52,.52,.52,
23-Ago-2007,.52,.52,.52,.52,
24-Ago-2007,.52,.52,.52,.52,
25-Ago-2007,.52,.52,.52,.52,
26-Ago-2007,.52,.53,.53,.54,
27-Ago-2007,.52,.52,.52,.52,
28-Ago-2007,.52,.52,.52,.52,
29-Ago-2007,.52,.51,.51,.51,
30-Ago-2007,.68,.68,.68,.67,
31-Ago-2007,.57,.57,.57,.56,
01-Sep-2007,.53,.53,.53,.53,
02-Sep-2007,.53,.53,.53,.53,
03-Sep-2007,.54,.54,.54,.55,
04-Sep-2007,.6,.64,.65,.65,
05-Sep-2007,.59,.56,.54,.54,
06-Sep-2007,.54,.54,.54,.54,
07-Sep-2007,.54,.54,.54,.54,
08-Sep-2007,.55,.56,.54,.54,
09-Sep-2007,.54,.54,.54,.54,
10-Sep-2007,.54,.54,.54,.54,
11-Sep-2007,.54,.55,.56,.57,
12-Sep-2007,.54,.54,.54,.54,
13-Sep-2007,.55,.55,.55,.55,
14-Sep-2007,.55,.55,.58,.58,
15-Sep-2007,.55,.55,.55,.54,
16-Sep-2007,.54,.54,.54,.55,
17-Sep-2007,.55,.55,.54,.54,
18-Sep-2007,.54,.54,.54,.54,
19-Sep-2007,.54,.54,.55,.55,
20-Sep-2007,.54,.55,.55,.55,
21-Sep-2007,.55,.55,.55,.55,
22-Sep-2007,.56,.56,.57,.58,
23-Sep-2007,.9,.91,.93,.93,
24-Sep-2007,.83,.82,.8,.8,
25-Sep-2007,.86,.89,.95,.95,
26-Sep-2007,.78,.73,.69,.59,
27-Sep-2007,.55,.54,.54,.54,
28-Sep-2007,.54,.54,.54,.54,
29-Sep-2007,.54,.55,.55,.55,
30-Sep-2007,.54,.54,.54,.54,
01-Nov-2007,.61,.61,.61,.62,
02-Nov-2007,.63,.63,.63,.64,
03-Nov-2007,.63,.64,.64,.64,
04-Nov-2007,.64,.64,.65,.65,
05-Nov-2007,.65,.65,.65,.65,
06-Nov-2007,.66,.66,.67,.67,
07-Nov-2007,.7,.7,.71,.71,
08-Nov-2007,.72,.73,.74,.74,
09-Nov-2007,.73,.73,.73,.74,
10-Nov-2007,.75,.75,.76,.76,
11-Nov-2007,.76,.76,.76,.76,
12-Nov-2007,.78,.8,.81,.82,
13-Nov-2007,1.2,1.22,1.22,1.23,
14-Nov-2007,.79,.79,.78,.78,
15-Nov-2007,.73,.74,.74,.74,
16-Nov-2007,.75,.75,.74,.74,
17-Nov-2007,.87,.89,.91,.92,
18-Nov-2007,.73,.73,.73,.73,
19-Nov-2007,.73,.74,.74,.74,
20-Nov-2007,.72,.72,.72,.72,
21-Nov-2007,.72,.73,.73,.73,
22-Nov-2007,.99,1.01,1,1,
23-Nov-2007,.81,.8,.77,.75,
24-Nov-2007,.73,.73,.73,.73,
25-Nov-2007,.72,.72,.73,.73,
26-Nov-2007,.71,.71,.71,.71,
27-Nov-2007,.71,.7,.7,.7,
28-Nov-2007,.7,.7,.7,.71,
29-Nov-2007,.84,.82,.8,.78,
30-Nov-2007,.74,.74,.74,.73,
01-Dic-2007,.73,.73,.73,.73,
02-Dic-2007,.74,.74,.73,.73,
03-Dic-2007,.73,.73,.73,.73,
04-Dic-2007,.73,.74,.74,.74,
05-Dic-2007,.76,.76,.77,.78,
06-Dic-2007,.74,.74,.75,.76,
07-Dic-2007,.79,.78,.76,.75,
08-Dic-2007,.75,.76,.76,.77,
09-Dic-2007,.76,.76,.76,.78,
10-Dic-2007,.9,.98,.99,1.02,
11-Dic-2007,.8,.86,.89,.93,
12-Dic-2007,.76,.78,.79,.83,
13-Dic-2007,1.28,1.3,1.33,1.33,
14-Dic-2007,1.2,1.23,1.23,1.24,
15-Dic-2007,1.18,1.17,1.15,1.13,
16-Dic-2007,1.22,1.24,1.31,1.39,
17-Dic-2007,1.18,1.14,1.1,1.08,
18-Dic-2007,.9,.89,.86,.84,
19-Dic-2007,.81,.79,.77,.76,
20-Dic-2007,.75,.74,.74,.74,
21-Dic-2007,.8,1.01,1.25,1.3,
22-Dic-2007,.83,.81,.79,.76,
23-Dic-2007,.74,.74,.74,.74,
24-Dic-2007,.74,.75,.77,.76,
25-Dic-2007,.76,.78,.81,.89,
26-Dic-2007,.75,.75,.76,.76,
27-Dic-2007,.75,.75,.75,.75,
28-Dic-2007,.75,.78,.78,.79,
29-Dic-2007,.8,.83,.83,.85,
30-Dic-2007,.81,.82,.82,.82,
31-Dic-2007,.9,.91,.93,.94,
01-Ene-2008,.8,.83,.83,.84,
02-Ene-2008,.98,.99,.99,.99,
03-Ene-2008,.82,.82,.83,.83,
04-Ene-2008,.9,.94,.96,.97,
05-Ene-2008,.98,.99,1.02,1.07,
06-Ene-2008,1.01,1.01,.98,.98,
07-Ene-2008,1.22,1.28,1.31,1.32,
08-Ene-2008,.98,.99,1.01,1.01,
09-Ene-2008,1.01,1.01,1.03,1.03,
10-Ene-2008,1.04,1.06,1.06,1.07,
11-Ene-2008,1.03,1.03,1.04,1.04,
12-Ene-2008,1.28,1.34,1.39,1.41,
13-Ene-2008,1.17,1.19,1.19,1.2,
14-Ene-2008,1.13,1.13,1.15,1.15,
15-Ene-2008,.99,.98,.98,.97,
16-Ene-2008,1.01,1.01,1.02,1.02,
17-Ene-2008,.99,1,1,1.01,
18-Ene-2008,.98,.98,.97,.98,
19-Ene-2008,.99,1,1.01,1.01,
20-Ene-2008,.99,.99,.98,.98,
21-Ene-2008,1.02,1.04,1.05,1.06,
22-Ene-2008,1.03,1.05,1.06,1.07,
23-Ene-2008,1,1,1.01,1.02,
24-Ene-2008,1.04,1.06,1.05,1.05,
25-Ene-2008,1.19,1.2,1.23,1.24,
26-Ene-2008,1.03,1,.99,.99,
27-Ene-2008,1.01,1,1,1,
28-Ene-2008,1.19,1.22,1.25,1.27,
29-Ene-2008,1.04,1.07,1.07,1.07,
30-Ene-2008,1.14,1.15,1.18,1.2,
31-Ene-2008,1.36,1.4,1.47,1.5,
01-Mar-2008,1.13,1.14,1.14,1.15,
02-Mar-2008,1.09,1.07,1.04,1.03,
03-Mar-2008,1,.99,.99,.99,
04-Mar-2008,1.3,1.26,1.12,1.12,
05-Mar-2008,.99,.99,.99,.99,
06-Mar-2008,1.03,1.03,1.01,1,
07-Mar-2008,1.21,1.25,1.26,1.29,
08-Mar-2008,1.06,1.03,1,1,
09-Mar-2008,.99,.99,.99,.99,
10-Mar-2008,.98,.98,.99,.99,
11-Mar-2008,.99,1.02,1.03,1.05,
12-Mar-2008,1.01,1.04,1.04,1.04,
13-Mar-2008,.99,.99,1.02,1.02,
14-Mar-2008,.99,1.09,1.15,1.2,
15-Mar-2008,1.46,1.49,1.53,1.57,
16-Mar-2008,1.09,1.08,1.06,1.05,
17-Mar-2008,1,1,1,1,
18-Mar-2008,.99,1,1.02,1.04,
19-Mar-2008,.99,.99,.99,.99,
20-Mar-2008,1.02,1.01,.99,.99,
21-Mar-2008,.98,.98,.99,.99,
22-Mar-2008,1.7,1.78,1.79,1.82,
23-Mar-2008,1.27,1.29,1.3,1.31,
24-Mar-2008,1.13,1.09,1.07,1.04,
25-Mar-2008,.99,.99,.99,.99,
26-Mar-2008,1.03,1.03,1.01,1,
27-Mar-2008,.98,.98,.99,.99,
28-Mar-2008,.99,.99,.99,.99,
29-Mar-2008,1.2,1.2,1.22,1.24,
30-Mar-2008,1.04,1.03,1,.99,
31-Mar-2008,.99,1,1.02,1.02,
01-Abr-2008,.9,.89,.89,.88,
02-Abr-2008,.88,.88,.88,.88,
03-Abr-2008,.88,.87,.87,.87,
04-Abr-2008,.87,.87,.86,.86,
05-Abr-2008,.87,.87,.88,.89,
06-Abr-2008,.86,.85,.85,.84,
07-Abr-2008,.84,.83,.83,.83,
08-Abr-2008,.99,.96,.93,.9,
09-Abr-2008,.84,.83,.83,.82,
10-Abr-2008,.79,.79,.78,.78,
11-Abr-2008,.77,.77,.76,.76,
12-Abr-2008,.76,.76,.76,.76,
13-Abr-2008,.99,1.01,1.07,1.07,
14-Abr-2008,1,1,.99,.99,
15-Abr-2008,.88,.89,.89,.89,
16-Abr-2008,.81,.82,.89,.9,
17-Abr-2008,.97,.99,.99,.99,
18-Abr-2008,.79,.78,.78,.77,
19-Abr-2008,.77,.77,.79,.81,
20-Abr-2008,.83,.82,.81,.81,
21-Abr-2008,.79,.78,.78,.78,
22-Abr-2008,.77,.77,.77,.76,
23-Abr-2008,1.16,1.18,1.18,1.17,
24-Abr-2008,1.09,1.08,1.05,1.03,
25-Abr-2008,.99,.99,.97,.97,
26-Abr-2008,1.05,1.09,1.12,1.13,
27-Abr-2008,.97,.95,.93,.92,
28-Abr-2008,.81,.79,.77,.77,
29-Abr-2008,.76,.76,.76,.76,
30-Abr-2008,.75,.75,.75,.75,
01-May-2008,.73,.73,.73,.73,
02-May-2008,.73,.73,.72,.72,
03-May-2008,.72,.71,.71,.7,
04-May-2008,.7,.7,.69,.69,
05-May-2008,.69,.69,.68,.68,
06-May-2008,.68,.67,.66,.66,
07-May-2008,.67,.68,.69,.72,
08-May-2008,.67,.67,.66,.66,
09-May-2008,.66,.66,.66,.65,
10-May-2008,1.09,1.07,1.04,1,
11-May-2008,.77,.75,.73,.7,
12-May-2008,.94,.97,.99,.99,
13-May-2008,.7,.69,.68,.67,
14-May-2008,.68,.68,.68,.68,
15-May-2008,.67,.67,.68,.68,
16-May-2008,.68,.68,.67,.66,
17-May-2008,.65,.65,.64,.64,
18-May-2008,.63,.63,.63,.62,
19-May-2008,.67,.66,.65,.64,
20-May-2008,.62,.62,.61,.61,
21-May-2008,.6,.6,.6,.6,
22-May-2008,.6,.6,.6,.6,
23-May-2008,.6,.6,.6,.6,
24-May-2008,.7,.71,.7,.69,
25-May-2008,.62,.61,.6,.6,
26-May-2008,.6,.6,.6,.6,
27-May-2008,1.05,1.01,.95,.9,
28-May-2008,.64,.63,.62,.61,
29-May-2008,.6,.6,.6,.6,
30-May-2008,.6,.6,.6,.6,
31-May-2008,.66,.6,.6,.6,
01-Jun-2008,.6,.6,.6,.6,
02-Jun-2008,.6,.6,.6,.6,
03-Jun-2008,.6,.6,.6,.6,
04-Jun-2008,.61,.61,.6,.6,
05-Jun-2008,.62,.62,.61,.61,
06-Jun-2008,.61,.6,.6,.6,
07-Jun-2008,.6,.6,.6,.6,
08-Jun-2008,.63,.63,.62,.61,
09-Jun-2008,.6,.6,.6,.6,
10-Jun-2008,.61,.62,.63,.63,
11-Jun-2008,.62,.62,.63,.63,
12-Jun-2008,.63,.63,.63,.63,
13-Jun-2008,.62,.61,.61,.6,
14-Jun-2008,.61,.61,.61,.6,
15-Jun-2008,.6,.6,.6,.6,
16-Jun-2008,1.12,1.12,1.1,1.06,
17-Jun-2008,1,1,.98,.95,
18-Jun-2008,.7,.7,.7,.68,
19-Jun-2008,.63,.62,.61,.6,
20-Jun-2008,.6,.6,.6,.6,
21-Jun-2008,.96,.99,1.09,1.1,
22-Jun-2008,.7,.7,.68,.63,
23-Jun-2008,.6,.6,.6,.6,
24-Jun-2008,.6,.6,.59,.59,
25-Jun-2008,.59,.59,.59,.59,
26-Jun-2008,.59,.59,.59,.59,
27-Jun-2008,.59,.59,.59,.59,
28-Jun-2008,.59,.6,.6,.6,
29-Jun-2008,.59,.59,.59,.59,
30-Jun-2008,.59,.59,.59,.59,
01-Jul-2008,.59,.59,.59,.59,
02-Jul-2008,.6,.6,.59,.59,
03-Jul-2008,.59,.59,.59,.59,
04-Jul-2008,.62,.62,.61,.59,
05-Jul-2008,.59,.59,.6,.6,
06-Jul-2008,.59,.59,.59,.58,
07-Jul-2008,.6,.59,.58,.58,
08-Jul-2008,.6,.62,.63,.64,
09-Jul-2008,.61,.59,.59,.58,
10-Jul-2008,.58,.58,.58,.58,
11-Jul-2008,.58,.58,.58,.58,
12-Jul-2008,.68,.69,.71,.73,
13-Jul-2008,1.05,1.07,1.07,1.07,
14-Jul-2008,.6,.59,.59,.59,
15-Jul-2008,.58,.58,.58,.58,
16-Jul-2008,.58,.58,.59,.6,
17-Jul-2008,.61,.63,.63,.63,
18-Jul-2008,.59,.58,.58,.58,
19-Jul-2008,.63,.72,.7,.69,
20-Jul-2008,.6,.59,.59,.59,
21-Jul-2008,.58,.58,.58,.58,
22-Jul-2008,.58,.58,.58,.58,
23-Jul-2008,.58,.58,.58,.58,
24-Jul-2008,.62,.61,.61,.6,
25-Jul-2008,.59,.59,.59,.58,
26-Jul-2008,.58,.58,.58,.58,
27-Jul-2008,.58,.57,.57,.57,
28-Jul-2008,.57,.57,.57,.57,
29-Jul-2008,.57,.57,.57,.57,
30-Jul-2008,.57,.57,.57,.57,
31-Jul-2008,.57,.57,.58,.59,
01-Ago-2008,.59,.59,.59,.59,
02-Ago-2008,.57,.57,.57,.57,
03-Ago-2008,.57,.57,.58,.58,
04-Ago-2008,.58,.58,.58,.58,
05-Ago-2008,.6,.62,.63,.63,
06-Ago-2008,.59,.58,.58,.58,
07-Ago-2008,.7,.71,.72,.72,
08-Ago-2008,.62,.62,.62,.62,
09-Ago-2008,.59,.59,.59,.59,
10-Ago-2008,.58,.58,.58,.58,
11-Ago-2008,.58,.58,.58,.58,
12-Ago-2008,1.06,1.05,1,1,
13-Ago-2008,.91,.9,.88,.87,
14-Ago-2008,.59,.59,.59,.59,
15-Ago-2008,.6,.6,.6,.6,
16-Ago-2008,.6,.59,.59,.59,
17-Ago-2008,.58,.58,.58,.59,
18-Ago-2008,1.05,1.04,1.03,1.03,
19-Ago-2008,.93,.92,.92,.92,
20-Ago-2008,.6,.6,.6,.59,
21-Ago-2008,.59,.59,.59,.58,
22-Ago-2008,.7,.7,.7,.69,
23-Ago-2008,.6,.59,.59,.59,
24-Ago-2008,.58,.58,.58,.58,
25-Ago-2008,.57,.57,.57,.57,
26-Ago-2008,.57,.57,.57,.57,
27-Ago-2008,.58,.57,.57,.57,
28-Ago-2008,.6,.61,.62,.63,
29-Ago-2008,.58,.58,.58,.58,
30-Ago-2008,.57,.57,.57,.57,
31-Ago-2008,.57,.57,.57,.57,
01-Sep-2008,.59,.59,.59,.59,
02-Sep-2008,.59,.59,.59,.59,
03-Sep-2008,.58,.58,.58,.58,
04-Sep-2008,.58,.57,.57,.57,
05-Sep-2008,.57,.57,.57,.57,
06-Sep-2008,.58,.58,.58,.58,
07-Sep-2008,.59,.6,.61,.62,
08-Sep-2008,.59,.59,.58,.58,
09-Sep-2008,.66,.67,.68,.7,
10-Sep-2008,.6,.6,.6,.6,
11-Sep-2008,.59,.59,.59,.59,
12-Sep-2008,.57,.57,.57,.57,
13-Sep-2008,.6,.6,.63,.63,
14-Sep-2008,1.07,1.08,1.08,1.08,
15-Sep-2008,.7,.71,.71,.71,
16-Sep-2008,.8,.79,.79,.79,
17-Sep-2008,.6,.6,.6,.63,
18-Sep-2008,.58,.58,.58,.58,
19-Sep-2008,.58,.58,.58,.58,
20-Sep-2008,.57,.57,.57,.57,
21-Sep-2008,.9,.9,.91,.91,
22-Sep-2008,.58,.58,.58,.58,
23-Sep-2008,.58,.58,.58,.58,
24-Sep-2008,.58,.58,.58,.58,
25-Sep-2008,.58,.58,.58,.59,
26-Sep-2008,1.07,1.07,1.08,1.08,
27-Sep-2008,.59,.59,.59,.59,
28-Sep-2008,.58,.58,.59,.59,
29-Sep-2008,.59,.59,.59,.59,
30-Sep-2008,.61,.61,.62,.62,
01-Oct-2008,.59,.59,.59,.59,
02-Oct-2008,.59,.59,.59,.6,
03-Oct-2008,.6,.6,.6,.6,
04-Oct-2008,.6,.6,.61,.61,
05-Oct-2008,.61,.61,.62,.62,
06-Oct-2008,.62,.62,.62,.62,
07-Oct-2008,.62,.63,.63,.63,
08-Oct-2008,.63,.63,.63,.64,
09-Oct-2008,.64,.64,.64,.64,
10-Oct-2008,.64,.64,.65,.65,
11-Oct-2008,.65,.66,.67,.67,
12-Oct-2008,.7,.7,.71,.71,
13-Oct-2008,.71,.71,.72,.73,
14-Oct-2008,.74,.74,.74,.74,
15-Oct-2008,.75,.75,.76,.76,
16-Oct-2008,.77,.77,.78,.78,
17-Oct-2008,.78,.78,.78,.79,
18-Oct-2008,.8,.83,.86,.87,
19-Oct-2008,1.03,1.04,1.08,1.09,
20-Oct-2008,1.17,1.2,1.23,1.29,
21-Oct-2008,1.7,1.71,1.7,1.67,
22-Oct-2008,1.41,1.38,1.31,1.26,
23-Oct-2008,1.25,1.23,1.25,1.22,
24-Oct-2008,2.22,2.2,2.09,1.96,
25-Oct-2008,1.01,1.01,.97,.95,
26-Oct-2008,.91,.9,.9,.9,
27-Oct-2008,.93,.9,.9,.9,
28-Oct-2008,.93,.94,.94,.95,
29-Oct-2008,.97,.96,.96,.96,
30-Oct-2008,.96,.99,1.1,1.13,
31-Oct-2008,-999,-999,-999,-999,
01-Nov-2008,.71,.71,.71,.71,
02-Nov-2008,.71,.71,.72,.72,
03-Nov-2008,.72,.72,.72,.72,
04-Nov-2008,.72,.72,.72,.72,
05-Nov-2008,.72,.72,.72,.72,
06-Nov-2008,.86,.89,.9,.9,
07-Nov-2008,.76,.76,.75,.75,
08-Nov-2008,.73,.73,.72,.71,
09-Nov-2008,.7,.7,.7,.7,
10-Nov-2008,.7,.71,.72,.73,
11-Nov-2008,1.2,1.26,1.28,1.29,
12-Nov-2008,.91,.9,.9,.9,
13-Nov-2008,.73,.73,.73,.73,
14-Nov-2008,.7,.69,.69,.69,
15-Nov-2008,.68,.68,.68,.68,
16-Nov-2008,.68,.67,.66,.65,
17-Nov-2008,.65,.65,.64,.63,
18-Nov-2008,.63,.63,.63,.63,
19-Nov-2008,.64,.64,.64,.64,
20-Nov-2008,.65,.65,.65,.65,
21-Nov-2008,.66,.66,.66,.66,
22-Nov-2008,.72,.72,.72,.73,
23-Nov-2008,.7,.7,.7,.71,
24-Nov-2008,.71,.7,.69,.69,
25-Nov-2008,.69,.72,.76,.79,
26-Nov-2008,.8,.79,.77,.76,
27-Nov-2008,.76,.75,.75,.75,
28-Nov-2008,.73,.73,.73,.73,
29-Nov-2008,.71,.7,.7,.69,
30-Nov-2008,.68,.66,.66,.66,
01-Dic-2008,.83,.81,.81,.79,
02-Dic-2008,.79,.79,.79,.79,
03-Dic-2008,.79,.8,.8,.81,
04-Dic-2008,.81,.81,.82,.82,
05-Dic-2008,.84,.84,.85,.85,
06-Dic-2008,.9,.9,.91,.96,
07-Dic-2008,.98,.97,.94,.92,
08-Dic-2008,.91,.91,.92,.93,
09-Dic-2008,1.18,1.15,1.12,1.1,
10-Dic-2008,.93,.93,.93,.93,
11-Dic-2008,.96,.96,.95,.95,
12-Dic-2008,1.12,1.17,1.2,1.22,
13-Dic-2008,1.06,1.03,1,1,
14-Dic-2008,1.36,1.4,1.49,1.63,
15-Dic-2008,2.02,2.08,2.06,2,
16-Dic-2008,1.07,1.03,1,.99,
17-Dic-2008,.98,.97,.96,.96,
18-Dic-2008,.98,.98,.99,.99,
19-Dic-2008,1.01,1,1,.99,
20-Dic-2008,.98,.98,.98,.98,
21-Dic-2008,.98,.99,.99,.99,
22-Dic-2008,1.07,1.12,1.17,1.21,
23-Dic-2008,1.02,1.01,1.01,1.01,
24-Dic-2008,1.3,1.32,1.29,1.27,
25-Dic-2008,1.14,1.13,1.11,1.08,
26-Dic-2008,1.33,1.36,1.4,1.43,
27-Dic-2008,1.07,1.05,1.01,1,
28-Dic-2008,.98,.98,.98,.98,
29-Dic-2008,.99,.99,.98,.98,
30-Dic-2008,1.02,1.01,1.01,1,
31-Dic-2008,1.01,1.01,1.06,1.09,
01-Ene-2009,.83,.83,.82,.82,
02-Ene-2009,.82,.81,.81,.81,
03-Ene-2009,.81,.81,.8,.8,
04-Ene-2009,1.03,1.04,1.04,1.04,
05-Ene-2009,.96,.93,.92,.92,
06-Ene-2009,.98,.96,.95,.95,
07-Ene-2009,.84,.86,.89,.92,
08-Ene-2009,1.15,1.09,1.06,1.04,
09-Ene-2009,1.33,1.36,1.36,1.34,
10-Ene-2009,1.09,1.07,1.05,1.04,
11-Ene-2009,.93,.92,.92,.92,
12-Ene-2009,.91,.91,.91,.91,
13-Ene-2009,.91,.9,.9,.9,
14-Ene-2009,.93,.94,.94,.94,
15-Ene-2009,.94,.94,.98,.99,
16-Ene-2009,.93,.94,.94,.94,
17-Ene-2009,1.36,1.39,1.43,1.5,
18-Ene-2009,1.13,1.11,1.09,1.01,
19-Ene-2009,.97,.97,.98,.98,
20-Ene-2009,.91,.92,.92,.92,
21-Ene-2009,.96,.98,.99,1.01,
22-Ene-2009,1.04,1.09,1.09,1.12,
23-Ene-2009,1.33,1.36,1.4,1.41,
24-Ene-2009,1.17,1.16,1.14,1.12,
25-Ene-2009,1.01,1.01,.99,.98,
26-Ene-2009,.97,.97,.96,.96,
27-Ene-2009,.92,.92,.92,.92,
28-Ene-2009,.9,.89,.89,.89,
29-Ene-2009,.86,.86,.88,.89,
30-Ene-2009,.9,.91,.91,.91,
31-Ene-2009,1.53,1.58,1.62,1.69,
01-Feb-2009,.9,.93,.93,.93,
02-Feb-2009,.98,.97,.96,.96,
03-Feb-2009,.96,.96,.96,.96,
04-Feb-2009,.99,.99,1,1,
05-Feb-2009,1.18,1.22,1.24,1.24,
06-Feb-2009,1.12,1.11,1.11,1.11,
07-Feb-2009,1.05,1.04,1.03,1.03,
08-Feb-2009,1,1,1,1,
09-Feb-2009,1.15,1.09,1.07,1.06,
10-Feb-2009,1.12,1.12,1.12,1.12,
11-Feb-2009,1.16,1.16,1.15,1.15,
12-Feb-2009,2.03,2.01,1.97,1.91,
13-Feb-2009,1.22,1.2,1.17,1.15,
14-Feb-2009,1.15,1.12,1.09,1.05,
15-Feb-2009,1.05,1.05,1.12,1.14,
16-Feb-2009,1.3,1.33,1.31,1.3,
17-Feb-2009,1.6,1.63,1.7,1.67,
18-Feb-2009,1.43,1.38,1.29,1.26,
19-Feb-2009,1.16,1.16,1.15,1.15,
20-Feb-2009,1.15,1.15,1.15,1.15,
21-Feb-2009,1.1,1.11,1.11,1.11,
22-Feb-2009,1.36,1.29,1.26,1.26,
23-Feb-2009,2,2.05,2.05,2.11,
24-Feb-2009,1.7,1.7,1.67,1.67,
25-Feb-2009,1.18,1.18,1.18,1.18,
26-Feb-2009,1.09,1.09,1.1,1.12,
27-Feb-2009,1.11,1.11,1.11,1.12,
28-Feb-2009,1.17,1.2,1.22,1.24,
01-Mar-2009,1.06,1.08,1.09,1.09,
02-Mar-2009,1.03,1.03,1.02,1.02,
03-Mar-2009,1,1,1,1,
04-Mar-2009,.98,.98,.98,.99,
05-Mar-2009,1.12,1.1,1.08,1.08,
06-Mar-2009,1.3,1.28,1.26,1.23,
07-Mar-2009,1.63,1.66,1.7,1.8,
08-Mar-2009,1.16,1.14,1.12,1.11,
09-Mar-2009,1.04,1.03,1.01,.99,
10-Mar-2009,.98,.99,1.05,1.07,
11-Mar-2009,.9,1.3,1.46,1.63,
12-Mar-2009,.99,.99,1.01,1,
13-Mar-2009,1.08,1.08,1.08,1.08,
14-Mar-2009,1.05,1.06,1.05,1.05,
15-Mar-2009,1,1,1,1,
16-Mar-2009,1,1,1,1,
17-Mar-2009,1.2,1.14,1.11,1.09,
18-Mar-2009,1.1,1.1,1.1,1.13,
19-Mar-2009,2.05,2.13,2.01,1.73,
20-Mar-2009,1.09,1.09,1.07,1.05,
21-Mar-2009,1,1,1,.99,
22-Mar-2009,1.12,1.13,1.17,1.34,
23-Mar-2009,1.04,1.04,1.03,1,
24-Mar-2009,1.17,1.17,1.19,1.19,
25-Mar-2009,1.22,1.2,1.18,1.16,
26-Mar-2009,1.05,1.03,1.01,1,
27-Mar-2009,1.09,1.05,1.05,1.04,
28-Mar-2009,1,1,1,1,
29-Mar-2009,1.02,1.02,1.02,1.01,
30-Mar-2009,1.02,1.02,1.02,1.02,
31-Mar-2009,1.09,1.16,1.26,1.4,
01-Abr-2009,.8,.8,.8,.8,
02-Abr-2009,.83,.82,.8,.8,
03-Abr-2009,.9,.9,.92,.92,
04-Abr-2009,.93,.94,.96,.96,
05-Abr-2009,.96,.94,.93,.92,
06-Abr-2009,.89,.89,.89,.9,
07-Abr-2009,.96,.96,.96,.97,
08-Abr-2009,1.03,1.04,1.04,1.02,
09-Abr-2009,.83,.82,.8,.79,
10-Abr-2009,.79,.79,.79,.79,
11-Abr-2009,.82,.86,.87,.89,
12-Abr-2009,.91,.93,.93,.95,
13-Abr-2009,.95,.95,.93,.92,
14-Abr-2009,1.01,1.02,1.04,1.04,
15-Abr-2009,1.08,1.1,1.12,1.13,
16-Abr-2009,1.11,1.14,1.13,1.17,
17-Abr-2009,1.15,1.13,1.17,1.2,
18-Abr-2009,1.23,1.26,1.22,1.19,
19-Abr-2009,1.08,1.05,1.03,1.01,
20-Abr-2009,1,.99,.99,.99,
21-Abr-2009,.98,.98,.98,.98,
22-Abr-2009,1.53,1.61,1.68,1.71,
23-Abr-2009,1.22,1.2,1.17,1.14,
24-Abr-2009,.99,.97,.97,.96,
25-Abr-2009,.93,.93,.92,.91,
26-Abr-2009,.9,.9,.9,.9,
27-Abr-2009,.89,.89,.89,.88,
28-Abr-2009,.85,.82,.81,.79,
29-Abr-2009,.77,.76,.75,.75,
30-Abr-2009,.76,.76,.76,.77,
01-May-2009,.57,.58,.58,.58,
02-May-2009,.59,.59,.58,.58,
03-May-2009,.57,.57,.57,.57,
04-May-2009,.6,.6,.58,.58,
05-May-2009,.73,.75,.72,.7,
06-May-2009,1.17,1.22,1.3,1.31,
07-May-2009,.9,.87,.85,.81,
08-May-2009,.73,.7,.7,.69,
09-May-2009,.8,.86,.89,.94,
10-May-2009,.7,.7,.68,.67,
11-May-2009,.6,.6,.59,.59,
12-May-2009,.98,.97,.96,.96,
13-May-2009,.9,.93,.96,.98,
14-May-2009,1.13,1.12,1.1,1.08,
15-May-2009,.83,.82,.82,.81,
16-May-2009,.78,.77,.76,.75,
17-May-2009,.63,.62,.59,.59,
18-May-2009,1.03,1,.98,.95,
19-May-2009,1.17,1.2,1.22,1.23,
20-May-2009,1.05,1.07,1.04,1.02,
21-May-2009,.93,.92,.91,.9,
22-May-2009,1.3,1.27,1.24,1.22,
23-May-2009,.83,.81,.78,.77,
24-May-2009,.76,.75,.74,.73,
25-May-2009,.71,.7,.7,.69,
26-May-2009,.69,.68,.67,.66,
27-May-2009,.65,.64,.63,.63,
28-May-2009,.63,.63,.65,.67,
29-May-2009,.6,.59,.59,.59,
30-May-2009,.59,.59,.58,.57,
31-May-2009,1.23,1.23,1.22,1.22,
01-Jun-2009,.57,.57,.57,.57,
02-Jun-2009,.57,.57,.57,.57,
03-Jun-2009,.57,.57,.58,.58,
04-Jun-2009,.59,.59,.58,.58,
05-Jun-2009,.59,.58,.57,.57,
06-Jun-2009,.59,.58,.57,.57,
07-Jun-2009,.6,.61,.63,.62,
08-Jun-2009,.7,.68,.64,.63,
09-Jun-2009,.59,.59,.58,.57,
10-Jun-2009,.68,.65,.62,.6,
11-Jun-2009,.59,.59,.59,.59,
12-Jun-2009,.58,.58,.57,.57,
13-Jun-2009,.74,.73,.71,.7,
14-Jun-2009,.81,.79,.76,.74,
15-Jun-2009,.61,.6,.59,.58,
16-Jun-2009,.57,.57,.57,.57,
17-Jun-2009,.63,.64,.66,.68,
18-Jun-2009,.9,.9,.87,.86,
19-Jun-2009,.59,.59,.59,.59,
20-Jun-2009,.58,.58,.57,.57,
21-Jun-2009,.58,.58,.58,.57,
22-Jun-2009,.57,.57,.57,.57,
23-Jun-2009,.57,.57,.57,.57,
24-Jun-2009,.56,.56,.57,.57,
25-Jun-2009,.56,.56,.56,.56,
26-Jun-2009,.56,.56,.56,.57,
27-Jun-2009,1.08,1.03,1,.98,
28-Jun-2009,.95,.93,.9,.87,
29-Jun-2009,.7,.68,.65,.63,
30-Jun-2009,.57,.56,.56,.56,
01-Jul-2009,.56,.56,.56,.56,
02-Jul-2009,.57,.57,.57,.57,
03-Jul-2009,.56,.56,.57,.57,
04-Jul-2009,.57,.57,.57,.57,
05-Jul-2009,.57,.57,.58,.58,
06-Jul-2009,.58,.58,.57,.57,
07-Jul-2009,.57,.57,.57,.57,
08-Jul-2009,.57,.57,.57,.57,
09-Jul-2009,.73,.75,.76,.76,
10-Jul-2009,.61,.6,.6,.59,
11-Jul-2009,.58,.58,.58,.58,
12-Jul-2009,.58,.58,.58,.58,
13-Jul-2009,.57,.57,.57,.57,
14-Jul-2009,.57,.57,.57,.57,
15-Jul-2009,.57,.59,.6,.63,
16-Jul-2009,.65,.66,.67,.67,
17-Jul-2009,.6,.59,.58,.58,
18-Jul-2009,.57,.57,.57,.57,
19-Jul-2009,.57,.58,.59,.6,
20-Jul-2009,.58,.58,.57,.57,
21-Jul-2009,.57,.57,.57,.57,
22-Jul-2009,.57,.57,.57,.57,
23-Jul-2009,.73,.71,.7,.69,
24-Jul-2009,.64,.62,.6,.58,
25-Jul-2009,.57,.57,.57,.57,
26-Jul-2009,.57,.57,.57,.57,
27-Jul-2009,.57,.57,.57,.57,
28-Jul-2009,.57,.57,.57,.57,
29-Jul-2009,.57,.57,.57,.57,
30-Jul-2009,.57,.57,.57,.57,
31-Jul-2009,.57,.57,.57,.57,
01-Ago-2009,.59,.59,.59,.59,
02-Ago-2009,.59,.59,.59,.59,
03-Ago-2009,.59,.6,.6,.62,
04-Ago-2009,.59,.59,.59,.59,
05-Ago-2009,.59,.59,.59,.59,
06-Ago-2009,.59,.6,.6,.62,
07-Ago-2009,.6,.61,.63,.64,
08-Ago-2009,.6,.59,.59,.59,
09-Ago-2009,.6,.61,.61,.61,
10-Ago-2009,.62,.62,.62,.63,
11-Ago-2009,.81,.79,.78,.75,
12-Ago-2009,.65,.64,.64,.63,
13-Ago-2009,.62,.62,.62,.61,
14-Ago-2009,.67,.69,.72,.74,
15-Ago-2009,.63,.63,.62,.62,
16-Ago-2009,.65,.66,.66,.65,
17-Ago-2009,.83,.86,.89,.9,
18-Ago-2009,.61,.61,.61,.61,
19-Ago-2009,.6,.61,.63,.63,
20-Ago-2009,.8,.8,.79,.77,
21-Ago-2009,.65,.65,.64,.63,
22-Ago-2009,.9,.94,.99,1.1,
23-Ago-2009,.6,.6,.6,.6,
24-Ago-2009,.6,.61,.62,.62,
25-Ago-2009,.7,.73,.75,.78,
26-Ago-2009,.61,.62,.62,.62,
27-Ago-2009,.6,.6,.6,.6,
28-Ago-2009,.59,.59,.6,.6,
29-Ago-2009,.93,.99,1.17,1.22,
30-Ago-2009,.85,.84,.8,.78,
31-Ago-2009,.7,.7,.71,.71,
01-Oct-2009,.68,.68,.68,.68,
02-Oct-2009,.69,.7,.71,.7,
03-Oct-2009,.67,.67,.67,.68,
04-Oct-2009,.69,.7,.72,.74,
05-Oct-2009,.73,.73,.73,.74,
06-Oct-2009,.76,.76,.75,.75,
07-Oct-2009,.77,.79,.79,.79,
08-Oct-2009,.63,.63,.63,.63,
09-Oct-2009,.63,.63,.63,.63,
10-Oct-2009,.63,.63,.62,.62,
11-Oct-2009,1.26,1.33,1.4,1.42,
12-Oct-2009,.91,.9,.9,.89,
13-Oct-2009,.83,.82,.8,.79,
14-Oct-2009,.77,.77,.76,.76,
15-Oct-2009,.76,.76,.75,.75,
16-Oct-2009,.75,.72,.71,.7,
17-Oct-2009,.69,.69,.69,.69,
18-Oct-2009,.67,.67,.67,.67,
19-Oct-2009,.65,.64,.63,.63,
20-Oct-2009,.63,.63,.63,.63,
21-Oct-2009,.63,.63,.63,.63,
22-Oct-2009,.62,.62,.62,.62,
23-Oct-2009,.62,.62,.63,.63,
24-Oct-2009,.64,.64,.65,.65,
25-Oct-2009,.99,1.01,.98,.97,
26-Oct-2009,.8,.8,.79,.79,
27-Oct-2009,.77,.76,.75,.76,
28-Oct-2009,1.1,1.08,1.02,1,
29-Oct-2009,.98,.97,.96,.96,
30-Oct-2009,.95,.93,.9,.88,
31-Oct-2009,.85,.83,.79,.77,
01-Nov-2009,.75,.79,.8,.81,
02-Nov-2009,.73,.73,.72,.72,
03-Nov-2009,.73,.73,.74,.74,
04-Nov-2009,.8,.79,.78,.76,
05-Nov-2009,.76,.77,.79,.81,
06-Nov-2009,1.02,1.08,1.09,1.11,
07-Nov-2009,1.17,1.14,1.18,1.2,
08-Nov-2009,.8,.8,.8,.8,
09-Nov-2009,.79,.79,.78,.77,
10-Nov-2009,.77,.76,.75,.74,
11-Nov-2009,.99,1.07,1.1,1.15,
12-Nov-2009,.79,.78,.77,.76,
13-Nov-2009,.76,.75,.75,.75,
14-Nov-2009,.75,.74,.74,.74,
15-Nov-2009,.75,.75,.75,.75,
16-Nov-2009,.8,.82,.84,.84,
17-Nov-2009,.96,.94,.93,.91,
18-Nov-2009,1.12,1.18,1.2,1.21,
19-Nov-2009,1,1,1.02,1.02,
20-Nov-2009,.8,.79,.78,.77,
21-Nov-2009,.76,.76,.75,.75,
22-Nov-2009,.75,.75,.75,.75,
23-Nov-2009,.77,.78,.78,.79,
24-Nov-2009,.75,.75,.75,.75,
25-Nov-2009,.8,.78,.77,.76,
26-Nov-2009,.83,.84,.86,.87,
27-Nov-2009,1.14,1.12,1.09,1.08,
28-Nov-2009,.93,.94,.96,.98,
29-Nov-2009,1.15,1.2,1.24,1.26,
30-Nov-2009,1.28,1.34,1.38,1.42,
01-Dic-2009,.81,.83,.84,.85,
02-Dic-2009,.86,.86,.87,.87,
03-Dic-2009,.91,.93,.95,.97,
04-Dic-2009,.94,.96,.97,.98,
05-Dic-2009,1,1.04,1.05,1.08,
06-Dic-2009,1.05,1.03,.98,.96,
07-Dic-2009,1.01,1.02,1.04,1.05,
08-Dic-2009,1.07,1.05,1.03,1.03,
09-Dic-2009,.98,.97,.97,.98,
10-Dic-2009,1.04,1.07,1.09,1.1,
11-Dic-2009,.99,.99,.98,.98,
12-Dic-2009,.98,.99,1.02,1.03,
13-Dic-2009,.98,.97,.96,.96,
14-Dic-2009,1,1.02,1.05,1.05,
15-Dic-2009,1.05,1.07,1.09,1.11,
16-Dic-2009,.97,.96,.96,.96,
17-Dic-2009,.96,.96,.96,.96,
18-Dic-2009,.97,.99,1,1.03,
19-Dic-2009,.97,.97,.97,.97,
20-Dic-2009,.97,.97,.97,.97,
21-Dic-2009,.97,.97,.97,.97,
22-Dic-2009,.98,.99,1,1,
23-Dic-2009,.99,.98,.98,.98,
24-Dic-2009,1,1.06,1.09,1.12,
25-Dic-2009,1.16,1.21,1.24,1.26,
26-Dic-2009,1.02,1,.98,.97,
27-Dic-2009,.99,1.01,1.04,1.06,
28-Dic-2009,1.22,1.28,1.29,1.31,
29-Dic-2009,1.17,1.16,1.14,1.13,
30-Dic-2009,1.1,1.09,1.08,1.08,
31-Dic-2009,.98,.98,.97,.97,
01-Ene-2010,.99,.99,.99,.99,
02-Ene-2010,1,1.01,1.03,1.04,
03-Ene-2010,1.04,1.05,1.05,1.06,
04-Ene-2010,1.06,1.08,1.09,1.09,
05-Ene-2010,1.07,1.06,1.05,1.05,
06-Ene-2010,1.04,1.03,1.02,1,
07-Ene-2010,.99,.99,1,1.01,
08-Ene-2010,1.05,1.07,1.09,1.11,
09-Ene-2010,1.07,1.05,1.03,1.03,
10-Ene-2010,1.04,1.07,1.09,1.1,
11-Ene-2010,1.18,1.19,1.2,1.21,
12-Ene-2010,1.13,1.14,1.16,1.16,
13-Ene-2010,1.14,1.12,1.1,1.08,
14-Ene-2010,1.08,1.05,1.04,1.02,
15-Ene-2010,1.04,1.04,1.04,1.04,
16-Ene-2010,1.02,1.02,1.03,1.03,
17-Ene-2010,1.17,1.19,1.2,1.24,
18-Ene-2010,1.22,1.2,1.18,1.17,
19-Ene-2010,1.07,1.08,1.06,1.05,
20-Ene-2010,1.27,1.3,1.33,1.36,
21-Ene-2010,1.36,1.34,1.32,1.31,
22-Ene-2010,1.14,1.13,1.12,1.11,
23-Ene-2010,1.09,1.07,1.05,1.05,
24-Ene-2010,1.04,1.03,1.02,1.02,
25-Ene-2010,1.02,1.02,1.02,1.02,
26-Ene-2010,1.01,1.01,1.01,1.01,
27-Ene-2010,1,1,1,1.01,
28-Ene-2010,1.08,1.07,1.07,1.07,
29-Ene-2010,1.06,1.06,1.06,1.05,
30-Ene-2010,1.17,1.19,1.2,1.22,
31-Ene-2010,1.26,1.24,1.23,1.21,
01-Feb-2010,1.09,1.1,1.1,1.1,
02-Feb-2010,1.09,1.09,1.08,1.08,
03-Feb-2010,1.07,1.06,1.05,1.05,
04-Feb-2010,1.05,1.04,1.04,1.03,
05-Feb-2010,1.24,1.21,1.2,1.19,
06-Feb-2010,1.12,1.11,1.09,1.08,
07-Feb-2010,1.05,1.03,1,1,
08-Feb-2010,1,1,.99,.99,
09-Feb-2010,.98,.98,.98,.98,
10-Feb-2010,.98,.98,.98,.98,
11-Feb-2010,.98,.98,.98,.98,
12-Feb-2010,.99,.99,.99,.99,
13-Feb-2010,1.01,1.03,1.03,1.05,
14-Feb-2010,1.01,1.05,1.09,1.11,
15-Feb-2010,1.2,1.23,1.21,1.19,
16-Feb-2010,1.27,1.29,1.3,1.33,
17-Feb-2010,1.07,1.05,1.03,1.03,
18-Feb-2010,1,1,.99,.99,
19-Feb-2010,1.98,1.99,2.03,2.09,
20-Feb-2010,1.33,1.3,1.27,1.23,
21-Feb-2010,1.07,1.06,1.05,1.05,
22-Feb-2010,1.04,1.04,1.03,1.03,
23-Feb-2010,1.07,1.06,1.05,1.04,
24-Feb-2010,1.09,1.11,1.11,1.13,
25-Feb-2010,1.14,1.17,1.18,1.19,
26-Feb-2010,1.24,1.26,1.27,1.28,
27-Feb-2010,1.12,1.1,1.09,1.08,
28-Feb-2010,1.07,1.08,1.09,1.09,
01-May-2010,.17,.17,.17,.17,
02-May-2010,.15,.14,.13,.13,
03-May-2010,.18,.19,.2,.22,
04-May-2010,.24,.25,.26,.26,
05-May-2010,.22,.2,.19,.18,
06-May-2010,.17,.17,.16,.15,
07-May-2010,.18,.18,.18,.19,
08-May-2010,.21,.19,.19,.19,
09-May-2010,.19,.2,.2,.2,
10-May-2010,.19,.18,.17,.16,
11-May-2010,.17,.17,.16,.15,
12-May-2010,.15,.15,.15,.15,
13-May-2010,.17,.17,.18,.2,
14-May-2010,.2,.22,.23,.22,
15-May-2010,.23,.24,.25,.25,
16-May-2010,.25,.24,.23,.24,
17-May-2010,.19,.18,.17,.16,
18-May-2010,.16,.16,.17,.17,
19-May-2010,.17,.18,.2,.2,
20-May-2010,.2,.2,.21,.21,
21-May-2010,.21,.2,.2,.19,
22-May-2010,.22,.22,.22,.22,
23-May-2010,.23,.23,.22,.21,
24-May-2010,.19,.18,.17,.16,
25-May-2010,.2,.21,.22,.23,
26-May-2010,.16,.16,.16,.17,
27-May-2010,.15,.16,.16,.16,
28-May-2010,.16,.15,.14,.13,
29-May-2010,.12,.11,.15,.16,
30-May-2010,.1,.1,.09,.08,
31-May-2010,.12,.12,.12,.11,
01-Jun-2010,.21,.21,.22,.21,
02-Jun-2010,.22,.23,.23,.23,
03-Jun-2010,.23,.23,.24,.24,
04-Jun-2010,.2,.2,.19,.19,
05-Jun-2010,.18,.17,.17,.17,
06-Jun-2010,.16,.16,.15,.15,
07-Jun-2010,.18,.19,.2,.2,
08-Jun-2010,.19,.18,.17,.15,
09-Jun-2010,.17,.17,.17,.17,
10-Jun-2010,.17,.17,.18,.19,
11-Jun-2010,.2,.2,.19,.18,
12-Jun-2010,.17,.16,.16,.16,
13-Jun-2010,.16,.18,.19,.2,
14-Jun-2010,.21,.22,.23,.23,
15-Jun-2010,.26,.27,.27,.29,
16-Jun-2010,.28,.28,.3,.31,
17-Jun-2010,.36,.35,.34,.32,
18-Jun-2010,.29,.28,.27,.26,
19-Jun-2010,.26,.24,.22,.21,
20-Jun-2010,.23,.22,.21,.21,
21-Jun-2010,.22,.22,.22,.22,
22-Jun-2010,.26,.24,.23,.21,
23-Jun-2010,.2,.19,.19,.19,
24-Jun-2010,.19,.18,.18,.17,
25-Jun-2010,.19,.18,.18,.18,
26-Jun-2010,.2,.19,.19,.19,
27-Jun-2010,.28,.27,.27,.27,
28-Jun-2010,.26,.24,.23,.21,
29-Jun-2010,.28,.27,.27,.26,
30-Jun-2010,.26,.24,.23,.21,
01-Jul-2010,.3,.31,.31,.31,
02-Jul-2010,.29,.29,.28,.28,
03-Jul-2010,.3,.31,.32,.34,
04-Jul-2010,.31,.32,.32,.33,
05-Jul-2010,.33,.33,.34,.34,
06-Jul-2010,.33,.34,.34,.34,
07-Jul-2010,.3,.29,.29,.29,
08-Jul-2010,.29,.3,.3,.29,
09-Jul-2010,.29,.29,.29,.29,
10-Jul-2010,.29,.28,.28,.27,
11-Jul-2010,.28,.28,.27,.27,
12-Jul-2010,.29,.3,.31,.31,
13-Jul-2010,.33,.33,.34,.34,
14-Jul-2010,.35,.35,.36,.37,
15-Jul-2010,.3,.29,.28,.28,
16-Jul-2010,.27,.26,.25,.25,
17-Jul-2010,.25,.24,.23,.22,
18-Jul-2010,.25,.26,.27,.27,
19-Jul-2010,.27,.25,.24,.24,
20-Jul-2010,.24,.24,.23,.22,
21-Jul-2010,.23,.23,.22,.22,
22-Jul-2010,.19,.21,.22,.22,
23-Jul-2010,.19,.2,.2,.19,
24-Jul-2010,.17,.19,.2,.21,
25-Jul-2010,.19,.2,.22,.23,
26-Jul-2010,.23,.24,.26,.26,
27-Jul-2010,.17,.18,.17,.15,
28-Jul-2010,.15,.14,.14,.13,
29-Jul-2010,.12,.1,.9,.9,
30-Jul-2010,.2,.2,.2,.3,
31-Jul-2010,.3,.3,.3,.4,
01-Ago-2010,.1,.1,.1,.1,
02-Ago-2010,.11,.11,.11,.11,
03-Ago-2010,.11,.11,.12,.13,
04-Ago-2010,.12,.12,.11,.11,
05-Ago-2010,.12,.12,.12,.13,
06-Ago-2010,.13,.13,.13,.13,
07-Ago-2010,.13,.14,.14,.15,
08-Ago-2010,.12,.12,.14,.14,
09-Ago-2010,.14,.14,.15,.15,
10-Ago-2010,.17,.16,.16,.14,
11-Ago-2010,.15,.14,.14,.14,
12-Ago-2010,.14,.15,.16,.16,
13-Ago-2010,.15,.15,.15,.15,
14-Ago-2010,.16,.16,.17,.16,
15-Ago-2010,.17,.17,.18,.18,
16-Ago-2010,.16,.16,.15,.15,
17-Ago-2010,.15,.15,.15,.15,
18-Ago-2010,.16,.16,.17,.17,
19-Ago-2010,.13,.13,.12,.11,
20-Ago-2010,.15,.16,.17,.18,
21-Ago-2010,.18,.18,.19,.2,
22-Ago-2010,.19,.2,.2,.2,
23-Ago-2010,.2,.19,.19,.18,
24-Ago-2010,.18,.18,.17,.17,
25-Ago-2010,.18,.17,.16,.15,
26-Ago-2010,.16,.17,.17,.17,
27-Ago-2010,.17,.17,.17,.17,
28-Ago-2010,.17,.18,.18,.18,
29-Ago-2010,.18,.19,.19,.19,
30-Ago-2010,.19,.19,.19,.19,
31-Ago-2010,.19,.19,.18,.18,
01-Sep-2010,.19,.18,.18,.18,
02-Sep-2010,.18,.17,.17,.17,
03-Sep-2010,.15,.16,.16,.17,
04-Sep-2010,.18,.18,.17,.17,
05-Sep-2010,.17,.17,.17,.17,
06-Sep-2010,.16,.16,.16,.16,
07-Sep-2010,.16,.15,.15,.15,
08-Sep-2010,.14,.14,.14,.14,
09-Sep-2010,.14,.13,.13,.13,
10-Sep-2010,.11,.1,.1,.1,
11-Sep-2010,.1,.11,.11,.11,
12-Sep-2010,.07,.07,.06,.05,
13-Sep-2010,.05,.05,.05,.05,
14-Sep-2010,.05,.05,.05,.05,
15-Sep-2010,.04,.05,.05,.05,
16-Sep-2010,.06,.06,.07,.07,
17-Sep-2010,.07,.07,.08,.08,
18-Sep-2010,.09,.09,.09,.1,
19-Sep-2010,.1,.1,.1,.1,
20-Sep-2010,.11,.11,.11,.11,
21-Sep-2010,.11,.12,.12,.12,
22-Sep-2010,.12,.12,.12,.13,
23-Sep-2010,.13,.13,.14,.14,
24-Sep-2010,.14,.15,.15,.14,
25-Sep-2010,.11,.11,.1,.09,
26-Sep-2010,.02,.03,.03,.03,
27-Sep-2010,.01,.01,,,
28-Sep-2010,.02,.04,.05,.06,
29-Sep-2010,.07,.08,.08,.1,
30-Sep-2010,.06,.04,.03,,
01-Oct-2010,.16,.15,.15,.15,
02-Oct-2010,.14,.14,.14,.14,
03-Oct-2010,.14,.13,.13,.13,
04-Oct-2010,.12,.12,.11,.11,
05-Oct-2010,.11,.11,.11,.11,
06-Oct-2010,.11,.1,.1,.09,
07-Oct-2010,.09,.09,.09,.09,
08-Oct-2010,.08,.08,.08,.08,
09-Oct-2010,.09,.09,.1,.1,
10-Oct-2010,.1,.11,.11,.12,
11-Oct-2010,.11,.12,.12,.12,
12-Oct-2010,.12,.13,.13,.13,
13-Oct-2010,.13,.13,.13,.12,
14-Oct-2010,.04,.05,.05,.09,
15-Oct-2010,.09,.1,.1,.09,
16-Oct-2010,.03,.01,.09,.12,
17-Oct-2010,.09,.07,.05,.04,
18-Oct-2010,,,.01,.01,
19-Oct-2010,.01,.01,,,
20-Oct-2010,.01,.01,.01,.01,
21-Oct-2010,.02,.02,.02,.02,
22-Oct-2010,.02,.03,.04,.05,
23-Oct-2010,.04,.03,.02,.02,
24-Oct-2010,.05,.09,.09,.1,
25-Oct-2010,.1,.1,.11,.11,
26-Oct-2010,.12,.12,.12,.13,
27-Oct-2010,.12,.11,.1,.1,
28-Oct-2010,.11,.11,.12,.12,
29-Oct-2010,.13,.13,.13,.12,
30-Oct-2010,.11,.1,.09,.09,
31-Oct-2010,.11,.12,.13,.13,
01-Nov-2010,.14,.14,.14,.13,
02-Nov-2010,.13,.13,.13,.13,
03-Nov-2010,.13,.13,.13,.13,
04-Nov-2010,.12,.12,.11,.11,
05-Nov-2010,.11,.11,.11,.1,
06-Nov-2010,.1,.1,.1,.1,
07-Nov-2010,.1,.1,.09,.09,
08-Nov-2010,.1,.1,.09,.08,
09-Nov-2010,,.01,.03,.04,
10-Nov-2010,.03,.02,.01,.01,
11-Nov-2010,.05,.05,.06,.06,
12-Nov-2010,.06,.06,.06,.07,
13-Nov-2010,.08,.08,.08,.08,
14-Nov-2010,.07,.07,.07,.07,
15-Nov-2010,.07,.07,.06,.06,
16-Nov-2010,.03,.03,.04,.04,
17-Nov-2010,.04,.05,.05,.05,
18-Nov-2010,.05,.04,.03,.03,
19-Nov-2010,.03,.04,.05,.05,
20-Nov-2010,.05,.06,.06,.06,
21-Nov-2010,.06,.07,.07,.07,
22-Nov-2010,.03,.02,,,
23-Nov-2010,.02,.03,.03,.04,
24-Nov-2010,.05,.05,.06,.06,
25-Nov-2010,.06,.07,.07,.08,
26-Nov-2010,.09,.09,.09,.08,
27-Nov-2010,.08,.07,.07,.06,
28-Nov-2010,.06,.06,.06,.06,
29-Nov-2010,.05,.05,.06,.06,
30-Nov-2010,.06,.07,.07,.08,
01-Dic-2010,.04,.04,.04,.04,
02-Dic-2010,.01,.01,.01,.01,
03-Dic-2010,.03,.03,.04,.04,
04-Dic-2010,.04,.04,.05,.05,
05-Dic-2010,.05,.04,.04,.04,
06-Dic-2010,.04,.03,.03,.03,
07-Dic-2010,.04,.04,.04,.03,
08-Dic-2010,.07,.07,.07,.06,
09-Dic-2010,.08,.05,.04,.02,
10-Dic-2010,.01,,,,
11-Dic-2010,.02,.02,.03,.03,
12-Dic-2010,.04,.04,.04,.04,
13-Dic-2010,.04,.03,.03,.02,
14-Dic-2010,.01,.02,.02,.02,
15-Dic-2010,.02,.02,.03,.03,
16-Dic-2010,.03,.03,.04,.04,
17-Dic-2010,.04,.05,.05,.06,
18-Dic-2010,.06,.06,.06,.07,
19-Dic-2010,.07,.08,.08,.07,
20-Dic-2010,.07,.06,.06,.06,
21-Dic-2010,.09,.14,.12,.12,
22-Dic-2010,.07,.07,.07,.07,
23-Dic-2010,.06,.06,.06,.07,
24-Dic-2010,.08,.09,.11,.13,
25-Dic-2010,.06,.05,.05,.05,
26-Dic-2010,.05,.05,.05,.06,
27-Dic-2010,.06,.06,.06,.07,
28-Dic-2010,.08,.09,.09,.1,
29-Dic-2010,.07,.07,.06,.06,
30-Dic-2010,.06,.06,.05,.05,
31-Dic-2010,.05,.05,.05,.05,
01-Ene-2011,.07,.07,.07,.08,
02-Ene-2011,.08,.09,.09,.09,
03-Ene-2011,.09,.09,.09,.09,
04-Ene-2011,.09,.1,.1,.1,
05-Ene-2011,.11,.11,.11,.1,
06-Ene-2011,.1,.1,.11,.12,
07-Ene-2011,.12,.12,.13,.13,
08-Ene-2011,.13,.13,.13,.14,
09-Ene-2011,.15,.14,.14,.13,
10-Ene-2011,.13,.12,.12,.12,
11-Ene-2011,.12,.12,.12,.13,
12-Ene-2011,.14,.15,.16,.17,
13-Ene-2011,.17,.18,.19,.2,
14-Ene-2011,.23,.22,.22,.2,
15-Ene-2011,.16,.15,.13,.13,
16-Ene-2011,.12,.12,.11,.11,
17-Ene-2011,.19,.17,.16,.15,
18-Ene-2011,.17,.15,.14,.13,
19-Ene-2011,.13,.13,.12,.12,
20-Ene-2011,.12,.13,.13,.13,
21-Ene-2011,.16,.15,.15,.14,
22-Ene-2011,.13,.12,.12,.12,
23-Ene-2011,.12,.12,.12,.12,
24-Ene-2011,.13,.13,.13,.14,
25-Ene-2011,.14,.14,.13,.13,
26-Ene-2011,.14,.13,.13,.13,
27-Ene-2011,.13,.13,.12,.12,
28-Ene-2011,.13,.13,.13,.14,
29-Ene-2011,.14,.15,.15,.15,
30-Ene-2011,.15,.15,.15,.15,
31-Ene-2011,.15,.15,.15,.15,
01-Feb-2011,.18,.19,.19,.2,
02-Feb-2011,.17,.14,.14,.13,
03-Feb-2011,.13,.13,.13,.13,
04-Feb-2011,.13,.13,.12,.12,
05-Feb-2011,.12,.12,.12,.12,
06-Feb-2011,.12,.12,.12,.12,
07-Feb-2011,.17,.18,.2,.18,
08-Feb-2011,.16,.15,.15,.14,
09-Feb-2011,.12,.12,.11,.11,
10-Feb-2011,.1,.1,.1,.09,
11-Feb-2011,.1,.11,.13,.11,
12-Feb-2011,.09,.1,.1,.1,
13-Feb-2011,.09,.11,.11,.12,
14-Feb-2011,.08,.09,.09,.09,
15-Feb-2011,.2,.19,.18,.17,
16-Feb-2011,.14,.13,.12,.11,
17-Feb-2011,.17,.17,.14,.14,
18-Feb-2011,.12,.12,.11,.11,
19-Feb-2011,.11,.11,.11,.1,
20-Feb-2011,.09,.09,.09,.09,
21-Feb-2011,.08,.08,.08,.08,
22-Feb-2011,.09,.1,.1,.1,
23-Feb-2011,.1,.09,.08,.08,
24-Feb-2011,.07,.07,.07,.07,
25-Feb-2011,.08,.08,.07,.07,
26-Feb-2011,.08,.09,.1,.11,
27-Feb-2011,.13,.13,.12,.12,
28-Feb-2011,.1,.07,.07,.09,
01-Mar-2011,.06,.06,.06,.07,
02-Mar-2011,.07,.07,.07,.07,
03-Mar-2011,.15,.12,.1,.09,
04-Mar-2011,.08,.08,.07,.07,
05-Mar-2011,.07,.07,.07,.07,
06-Mar-2011,.07,.09,.1,.1,
07-Mar-2011,.13,.12,.12,.15,
08-Mar-2011,.1,.12,.13,.13,
09-Mar-2011,.09,.09,.08,.07,
10-Mar-2011,.07,.07,.07,.07,
11-Mar-2011,.07,.07,.07,.07,
12-Mar-2011,.08,.09,.11,.14,
13-Mar-2011,.08,.07,.07,.07,
14-Mar-2011,.1,.1,.08,.07,
15-Mar-2011,.07,.06,.06,.06,
16-Mar-2011,.11,.11,.12,.12,
17-Mar-2011,.1,.1,.09,.08,
18-Mar-2011,.07,.07,.07,.06,
19-Mar-2011,.06,.06,.05,.05,
20-Mar-2011,.05,.05,.04,.04,
21-Mar-2011,.09,.09,.1,.12,
22-Mar-2011,.12,.12,.14,.15,
23-Mar-2011,.14,.13,.11,.1,
24-Mar-2011,.1,.11,.12,.13,
25-Mar-2011,.12,.11,.1,.09,
26-Mar-2011,.08,.07,.06,.06,
27-Mar-2011,.05,.04,.04,.04,
28-Mar-2011,.05,.05,.06,.07,
29-Mar-2011,.09,.08,.07,.06,
30-Mar-2011,.04,.04,.03,.03,
31-Mar-2011,.03,.03,.03,.02,
01-Abr-2011,.03,.03,.03,.03,
02-Abr-2011,.03,.03,.03,.03,
03-Abr-2011,.03,.03,.03,.03,
04-Abr-2011,.04,.04,.03,.03,
05-Abr-2011,.07,.05,.04,.03,
06-Abr-2011,.08,.09,.1,.07,
07-Abr-2011,.04,.04,.03,.03,
08-Abr-2011,.03,.03,.02,.02,
09-Abr-2011,.02,.02,.02,.02,
10-Abr-2011,.02,.02,.03,.03,
11-Abr-2011,.02,.02,.01,.01,
12-Abr-2011,.01,.01,.01,.01,
13-Abr-2011,.03,.03,.02,.01,
14-Abr-2011,.01,.01,,,
15-Abr-2011,,,,,
16-Abr-2011,.01,.02,.03,.04,
17-Abr-2011,.08,.07,.05,.03,
18-Abr-2011,.02,.02,.01,.01,
19-Abr-2011,.01,.01,.01,.01,
20-Abr-2011,,,,,
21-Abr-2011,,,.01,.02,
22-Abr-2011,.03,.03,.03,.03,
23-Abr-2011,.02,.02,.01,.01,
24-Abr-2011,.01,.01,.03,.04,
25-Abr-2011,.03,.02,.02,.02,
26-Abr-2011,.03,.02,.01,.01,
27-Abr-2011,.01,.01,.01,.01,
28-Abr-2011,,,,,
29-Abr-2011,.04,.04,.03,.02,
30-Abr-2011,.02,.01,.04,.3,
01-May-2011,.05,.05,.06,.06,
02-May-2011,.06,.07,.07,.07,
03-May-2011,.08,.09,.09,.09,
04-May-2011,.09,.1,.1,.11,
05-May-2011,.11,.12,.12,.12,
06-May-2011,.13,.13,.14,.14,
07-May-2011,.14,.14,.15,.12,
08-May-2011,.16,.16,.17,.17,
09-May-2011,.18,.18,.19,.2,
10-May-2011,.2,.2,.21,.22,
11-May-2011,.22,.2,.2,.19,
12-May-2011,.22,.22,.22,.22,
13-May-2011,.23,.23,.23,.24,
14-May-2011,.24,.24,.24,.24,
15-May-2011,.24,.24,.24,.25,
16-May-2011,.25,.25,.25,.26,
17-May-2011,.22,.21,.21,.19,
18-May-2011,.25,.26,.26,.27,
19-May-2011,.27,.27,.27,.28,
20-May-2011,.28,.28,.28,.29,
21-May-2011,.29,.29,.29,.29,
22-May-2011,.29,.29,.3,.3,
23-May-2011,.31,.31,.32,.32,
24-May-2011,.32,.32,.33,.34,
25-May-2011,.34,.34,.34,.34,
26-May-2011,.19,.2,.22,.23,
27-May-2011,.3,.3,.31,.32,
28-May-2011,.32,.32,.33,.34,
29-May-2011,.34,.34,.34,.35,
30-May-2011,.34,.34,.34,.34,
31-May-2011,.35,.35,.35,.35,
01-Jul-2011,.36,.36,.36,.36,
02-Jul-2011,.36,.36,.36,.36,
03-Jul-2011,.36,.36,.36,.36,
04-Jul-2011,.36,.35,.35,.34,
05-Jul-2011,.25,.22,.2,.2,
06-Jul-2011,.33,.34,.35,.36,
07-Jul-2011,.36,.36,.36,.36,
08-Jul-2011,.35,.35,.34,.34,
09-Jul-2011,.34,.34,.35,.35,
10-Jul-2011,.36,.36,.36,.36,
11-Jul-2011,.36,.36,.35,.34,
12-Jul-2011,.33,.33,.33,.33,
13-Jul-2011,.34,.35,.35,.35,
14-Jul-2011,.35,.35,.36,.36,
15-Jul-2011,.36,.36,.36,.36,
16-Jul-2011,.35,.36,.36,.36,
17-Jul-2011,.36,.36,.36,.36,
18-Jul-2011,.36,.36,.36,.36,
19-Jul-2011,.36,.36,.36,.36,
20-Jul-2011,.36,.36,.36,.36,
21-Jul-2011,.36,.36,.36,.36,
22-Jul-2011,.36,.36,.36,.36,
23-Jul-2011,.36,.36,.36,.36,
24-Jul-2011,.36,.36,.36,.36,
25-Jul-2011,.36,.36,.36,.36,
26-Jul-2011,.36,.36,.36,.36,
27-Jul-2011,.36,.35,.35,.35,
28-Jul-2011,.36,.36,.36,.36,
29-Jul-2011,.36,.36,.36,.36,
30-Jul-2011,.36,.36,.36,.36,
31-Jul-2011,.36,.36,.36,.36,
01-Ago-2011,.36,.36,.36,.36,
02-Ago-2011,.36,.36,.36,.36,
03-Ago-2011,.36,.36,.36,.36,
04-Ago-2011,.36,.36,.36,.36,
05-Ago-2011,.37,.37,.37,.37,
06-Ago-2011,.37,.37,.37,.37,
07-Ago-2011,.36,.36,.37,.37,
08-Ago-2011,.36,.36,.35,.35,
09-Ago-2011,.35,.36,.36,.36,
10-Ago-2011,.37,.37,.36,.35,
11-Ago-2011,.36,.36,.36,.37,
12-Ago-2011,.37,.37,.37,.37,
13-Ago-2011,.37,.37,.37,.37,
14-Ago-2011,.37,.37,.37,.36,
15-Ago-2011,.35,.35,.34,.34,
16-Ago-2011,.33,.34,.35,.35,
17-Ago-2011,.35,.35,.34,.34,
18-Ago-2011,.27,.29,.32,.35,
19-Ago-2011,.36,.36,.37,.37,
20-Ago-2011,.37,.37,.37,.37,
21-Ago-2011,.35,.35,.36,.37,
22-Ago-2011,.37,.36,.35,.34,
23-Ago-2011,.3,.32,.33,.34,
24-Ago-2011,.34,.35,.36,.36,
25-Ago-2011,.36,.36,.36,.36,
26-Ago-2011,.37,.37,.37,.37,
27-Ago-2011,.37,.37,.37,.37,
28-Ago-2011,.2,.19,.18,.17,
29-Ago-2011,.27,.28,.29,.29,
30-Ago-2011,.3,.28,.27,.27,
31-Ago-2011,.34,.35,.36,.36,
01-Sep-2011,.35,.35,.35,.35,
02-Sep-2011,.35,.35,.35,.35,
03-Sep-2011,.35,.34,.34,.33,
04-Sep-2011,.33,.32,.32,.32,
05-Sep-2011,.32,.32,.32,.32,
06-Sep-2011,.32,.32,.32,.32,
07-Sep-2011,.31,.31,.31,.31,
08-Sep-2011,.26,.27,.28,.28,
09-Sep-2011,.3,.3,.3,.3,
10-Sep-2011,.32,.32,.32,.32,
11-Sep-2011,.32,.32,.32,.32,
12-Sep-2011,.32,.31,.31,.31,
13-Sep-2011,.3,.3,.29,.29,
14-Sep-2011,.29,.29,.28,.28,
15-Sep-2011,.28,.28,.28,.29,
16-Sep-2011,.28,.29,.29,.29,
17-Sep-2011,.29,.29,.29,.29,
18-Sep-2011,.25,.25,.24,.24,
19-Sep-2011,.23,.22,.2,.2,
20-Sep-2011,.24,.25,.27,.27,
21-Sep-2011,.26,.27,.27,.27,
22-Sep-2011,.27,.28,.28,.28,
23-Sep-2011,.29,.29,.3,.3,
24-Sep-2011,.3,.3,.3,.3,
25-Sep-2011,.29,.29,.29,.29,
26-Sep-2011,.29,.28,.28,.28,
27-Sep-2011,.28,.28,.28,.28,
28-Sep-2011,.29,.29,.29,.29,
29-Sep-2011,.29,.29,.29,.29,
30-Sep-2011,.29,.29,.29,.29,
01-Oct-2011,.29,.29,.29,.29,
02-Oct-2011,.29,.29,.29,.28,
03-Oct-2011,.28,.28,.28,.28,
04-Oct-2011,.28,.28,.27,.27,
05-Oct-2011,.27,.26,.26,.26,
06-Oct-2011,.26,.26,.26,.26,
07-Oct-2011,.26,.26,.26,.26,
08-Oct-2011,.13,.11,.09,.1,
09-Oct-2011,.18,.2,.22,.22,
10-Oct-2011,.26,.26,.26,.26,
11-Oct-2011,.26,.26,.26,.26,
12-Oct-2011,.26,.26,.27,.27,
13-Oct-2011,.28,.27,.27,.26,
14-Oct-2011,.22,.22,.21,.23,
15-Oct-2011,.26,.26,.26,.26,
16-Oct-2011,.25,.25,.25,.25,
17-Oct-2011,.25,.25,.25,.25,
18-Oct-2011,.24,.24,.23,.22,
19-Oct-2011,.22,.22,.23,.25,
20-Oct-2011,.25,.25,.26,.26,
21-Oct-2011,.21,.2,.18,.18,
22-Oct-2011,.22,.24,.24,.25,
23-Oct-2011,.25,.25,.25,.25,
24-Oct-2011,.25,.25,.26,.26,
25-Oct-2011,.26,.26,.25,.25,
26-Oct-2011,.25,.25,.25,.24,
27-Oct-2011,.24,.23,.23,.24,
28-Oct-2011,.25,.25,.25,.25,
29-Oct-2011,.25,.25,.25,.25,
30-Oct-2011,.25,.25,.25,.25,
31-Oct-2011,.25,.25,.25,.25,
01-Nov-2011,.24,.23,.23,.23,
02-Nov-2011,.23,.23,.23,.23,
03-Nov-2011,.22,.22,.22,.22,
04-Nov-2011,.22,.22,.21,.21,
05-Nov-2011,.21,.2,.2,.2,
06-Nov-2011,.28,.18,.19,.19,
07-Nov-2011,.2,.2,.2,.2,
08-Nov-2011,.2,.2,.2,.2,
09-Nov-2011,.2,.19,.19,.19,
10-Nov-2011,.19,.19,.18,.18,
11-Nov-2011,.11,.11,.13,.15,
12-Nov-2011,.19,.19,.19,.19,
13-Nov-2011,.19,.19,.18,.18,
14-Nov-2011,.18,.17,.17,.17,
15-Nov-2011,.17,.17,.16,.16,
16-Nov-2011,.16,.16,.16,.15,
17-Nov-2011,.15,.15,.11,.11,
18-Nov-2011,.15,.15,.15,.15,
19-Nov-2011,.15,.14,.14,.14,
20-Nov-2011,.14,.13,.12,.11,
21-Nov-2011,.14,.14,.14,.14,
22-Nov-2011,.13,.13,.13,.13,
23-Nov-2011,.12,.12,.12,.12,
24-Nov-2011,.1,.11,.12,.12,
25-Nov-2011,.12,.12,.12,.12,
26-Nov-2011,.1,.09,.07,.06,
27-Nov-2011,.11,.12,.12,.12,
28-Nov-2011,.09,.1,.11,.11,
29-Nov-2011,.12,.12,.12,.11,
30-Nov-2011,.11,.1,.1,.1,
01-Dic-2011,.15,.15,.15,.16,
02-Dic-2011,.15,.14,.14,.15,
03-Dic-2011,.16,.16,.16,.16,
04-Dic-2011,.16,.16,.16,.16,
05-Dic-2011,.16,.16,.15,.15,
06-Dic-2011,.15,.15,.15,.15,
07-Dic-2011,.15,.15,.15,.15,
08-Dic-2011,.15,.15,.14,.14,
09-Dic-2011,.14,.13,.13,.13,
10-Dic-2011,.14,.14,.14,.14,
11-Dic-2011,.14,.13,.13,.13,
12-Dic-2011,.09,.1,.1,.11,
13-Dic-2011,.14,.14,.14,.14,
14-Dic-2011,.13,.12,.12,.11,
15-Dic-2011,.12,.12,.13,.14,
16-Dic-2011,.14,.14,.15,.15,
17-Dic-2011,.13,.14,.14,.15,
18-Dic-2011,.15,.15,.15,.15,
19-Dic-2011,.14,.14,.15,.15,
20-Dic-2011,.15,.14,.14,.14,
21-Dic-2011,.13,.13,.13,.14,
22-Dic-2011,.11,.11,.12,.13,
23-Dic-2011,.13,.13,.12,.11,
24-Dic-2011,.12,.13,.14,.14,
25-Dic-2011,.13,.13,.12,.12,
26-Dic-2011,.12,.12,.13,.13,
27-Dic-2011,.1,.1,.11,.12,
28-Dic-2011,.13,.13,.12,.12,
29-Dic-2011,.12,.12,.12,.12,
30-Dic-2011,.11,.11,.1,.1,
31-Dic-2011,.11,.12,.12,.12,
